{"cameraMode":{"drawMode":0,"name":"Shaded","section":"Shading Mode"},"sceneLighting":false,"audioPlay":false,"sceneViewState":{"m_AlwaysRefresh":false,"showFog":true,"showSkybox":false,"showFlares":true,"showImageEffects":true,"showParticleSystems":true,"showVisualEffectGraphs":true,"m_FxEnabled":true},"in2DMode":false,"pivot":{"x":-10.630000114440918,"y":1.4299999475479127,"z":5.630123138427734},"rotation":{"x":0.17366617918014527,"y":-0.6862481236457825,"z":0.17404761910438538,"w":0.6846063137054443},"size":0.42640915513038638,"orthographic":false}